{
    "SVC": [
        {
            "x":[0,0.071814152,0.094545442,0.157568938,0.201073507,0.247875555,0.272676661,0.280883498,0.287889568,0.293729455,0.298403798,0.304240482,0.311259361,0.318280801,0.32648924,0.334731619,0.342335881,0.376927417,0.408469759,0.421318072,0.43092132,0.441725975,0.448934414,0.478631839,0.504085989,0.538861089,0.589269688,0.642849858,0.699571005,0.75],
            "y":[0.033009709,-0.914563107,0.029126214,0.029126214,-0.937864078,0.03871706,0.089199029,0.128950532,0.173823393,0.210648405,0.239181692,0.277226075,0.317221452,0.356241331,0.395383148,0.42159963,0.467961165,0.495145631,0.483495146,0.455010402,0.415136963,0.369898289,0.337706889,0.165048544,0.07184466,0.029126214,0.033009709,0.029126214,0.029126214,0.033009709]
        },
        {
            "x":[0,0.053666111,0.094735819,0.099669242,0.14476342,0.181803262,0.208857244,0.227081483,0.246298053,0.25740922,0.264192805,0.268400682,0.279410598,0.28619303,0.292973155,0.29890317,0.305696367,0.343073285,0.36024323,0.386075546,0.39823004,0.412032904,0.422943238,0.428269984,0.437152894,0.44423869,0.44867034,0.468270184,0.479440435,0.75],
            "y":[0.020069943,-0.946667225,-0.009046687,0.023789081,0.02402781,-0.939605889,0.021175633,0.029999791,0.051177965,0.093000866,0.13240323,0.165085081,0.23250374,0.2721977,0.312474856,0.348373461,0.385345847,0.505330839,0.520598366,0.490470861,0.45650093,0.402627384,0.349030128,0.318148374,0.265415195,0.228419082,0.204531069,0.073996533,0.027787938,0.020069943]
        }
    ],
    "HRA": [
        {
            "x":[248.1661527, 250.4494045, 253.1039662, 254.1037761, 256.2452385, 260.1088337, 262.6047185, 264.7813772, 268.1228094, 271.6357545, 276.1210838, 281.0137051, 285.8602758, 290.1010252, 296.8946127, 302.9276547, 307.7097546, 312.534835, 317.3752657, 322.2279765, 325.2263828, 331.8689272, 336.7001477, 341.5835589, 346.4915305, 351.402572, 356.1816019, 360.8961608, 365.6168599, 369.7747182],
            "y":[-0.041891892,-0.054644819,-0.101150817,-0.127453389,-0.305405405,-0.225675676,-0.20026196,-0.155661945,-0.101836971,-0.056804933,-0.026436263,-0.020718312,-0.020718312,-0.020718312,-0.258108108,-0.007757624,-0.015762755,-0.018431132,-0.019193525,-0.018431132,-0.022243099,-0.024911476,-0.026817459,-0.022243099,-0.014619165,-0.006614034,-0.015000361,-0.03139182,-0.047020885,-0.041891892]
        },
        {
            "x":[132.5557773,  138.1570833, 148.8873455, 152.1988959, 155.4776993, 159.1781215, 162.8457967, 165.8769501, 173.6042082, 178.8181944, 182.3630679, 185.9611555, 189.6083637, 193.2555719, 196.9027801, 200.5377081, 204.1398891, 207.762537, 211.3933716, 215.0282997, 218.6673211, 222.3472764, 226.1131928, 229.8136151, 233.4649167, 237.0343505, 240.553845, 244.034043, 247.5543562, 249.9448945],
            "y":[-0.063513514,-0.301351351,-0.1030568,-0.067986703,-0.036982705,-0.028850508,-0.02478441,-0.024530279,-0.3,0.002661753,-0.008520017,-0.013094378,-0.011569591,-0.010044804,-0.008520017,-0.008520017,-0.012586116,-0.014110902,-0.014619165,-0.014619165,-0.014110902,-0.008520017,0.007744375,0.015876572,0.017909621,0.009777425,-0.004555572,-0.023767886,-0.037999229,-0.063513514]
        }
    ],
    "MRA": [
        {
            "x":[176.7895033, 183.2087646, 185.0898541, 191.3999976, 195.1080071, 198.8053996, 202.4390897, 206.0276573, 209.5949908, 212.561133, 217.8339757, 225.4206903, 228.538487, 232.1164375, 235.7129679, 239.3280782, 242.9272628, 246.4866335, 250.0460042, 253.6239547, 257.209868, 259.6093244, 266.8315822, 275.2296797, 278.725348, 282.1732395, 285.6264395, 289.114145, 292.6283931, 296.1559126],
            "y":[0.014233751,-0.442034383,0.222426709,-0.045450613,-0.016592106,0.010209344,0.024668458,0.030385084,0.031987597,0.032037364,-0.233399732,0.03652622,0.024592148,0.028251717,0.035511135,0.0463704,0.054144082,0.054203803,0.054263524,0.057923093,0.063125454,0.068307909,0.088483648,0.106622238,0.094339622,0.072800254,0.052289413,0.038464006,0.029781238,0.014233751]
        },
        {
            "x":[50.27151085, 53.43783831, 58.29472134, 59.71506517, 62.78785779, 66.21287026, 71.14184217, 76.02502798, 80.22606745, 84.45676179, 89.74667648, 94.87030702, 100.437362, 102.2584657, 107.0859119, 111.881507, 116.6711299, 121.4408459, 126.1946362, 130.952408, 135.728096, 140.5256817, 145.2993791, 150.0053926, 154.6258061, 159.2362661, 163.9124192, 168.4087457, 173.3523161, 178.1479112],
            "y":[0.00137271,0.014848655,0.155869744,-0.368938639,-0.073585069,-0.050636385,-0.015072539,0.011620253,0.021075246,0.02476508,-0.250313948,0.042389469,0.021006366,0.037514276,0.053407523,0.063129602,0.071694586,0.07640259,0.07802501,0.080418827,0.086283925,0.096391701,0.101871102,0.094236769,0.070017422,0.043869584,0.030449781,0.020497943,0.020580889,0.00137271]
        }
    ],
    "LRA": [
        {
            "x":[160.6864489, 170.1589852, 178.4067352, 182.2066014, 186.1153223, 189.3792884, 195.7619239, 204.6742811, 215.0146358, 220.292347, 224.1742729, 228.0595481, 231.9649196, 235.8970861, 239.8459995, 243.7982623, 247.77732, 251.7932209, 255.8158205, 259.8518177, 263.8576704, 267.7998851, 271.7153047, 275.5938812, 279.5026021, 287.3736338, 291.3225472, 299.1868802, 307.0780082, 310.3687694],
            "y":[0.055725191,0.180916031,-0.000375144,0.024403953,0.031085956,0.035540625,0.124427481,-0.257251908,0.023664122,0.038881627,0.0500183,0.060598139,0.067836976,0.070621144,0.070621144,0.07006431,0.065052808,0.053916135,0.041665795,0.027188121,0.017721949,0.018835616,0.024403953,0.036097459,0.042779463,0.047234132,0.047234132,0.052802468,0.053916135,0.055725191]
        },
        {
            "x":[158.2896172, 170.1314355, 178.4285062, 182.2400952, 186.122021, 190.0441394, 195.2798026, 204.1921598, 216.3970236, 220.2622026, 224.1642247, 228.0829937, 232.0017627, 235.9037849, 239.8292526, 243.7748166, 247.7304288, 251.7161853, 255.722038, 259.7379389, 263.7873335, 267.746295, 271.6583653, 275.5503393, 279.4691083, 287.3367907, 295.2312681, 303.1089986, 307.057912, 311.0068253],
            "y":[0.054198473,0.185496183,-0.003994562,0.018835616,0.029972289,0.034426958,0.104580153,-0.277099237,0.029972289,0.04389313,0.051688801,0.056700303,0.061711806,0.069507477,0.073405312,0.073962146,0.072848479,0.066723309,0.057257137,0.046120464,0.029415455,0.027744955,0.033870124,0.043336296,0.048347799,0.053359302,0.053916135,0.057257137,0.057257137,0.054198473]
        }
    ],
    "IVC": [
        {
            "x":[121.1171552, 130.3141999, 140.0716788, 145.5704014, 151.069124, 156.5678465, 162.0623754, 167.5454798, 171.632935, 174.3426726, 179.6378988, 186.5215326, 190.2995536, 195.0542769, 200.5616762, 206.0603988, 211.5589767, 217.0533609, 222.5439852, 228.0390925, 233.5378151, 239.0401529, 244.5388755, 248.2373825, 251.9214572, 257.4117923, 262.3446354, 267.3061379, 272.5963746, 275.7095349],
            "y":[0.016128116,-0.073918162,0.002874845,0.002662265,0.002449686,0.002237106,0.003023162,0.006529639,0.015082438,0.024411532,0.030876025,0.02319854,0.011923139,0.001850993,-0.000427729,-0.000640309,-0.000818453,2.04E-06,0.001717859,0.002366173,0.002153593,0.001080121,0.000867541,0.008526422,0.019621986,0.021406678,0.015675857,0.003120504,0.005797521,0.016128116]
        },
        {
            "x":[121.7536738, 129.0866282, 136.9261996, 142.4302988, 147.9206339, 153.4176211, 164.412897, 169.6970667, 174.9483072, 180.4334362, 184.9628414, 189.5276925, 195.0487817, 200.5495288, 206.0482514, 211.5469739, 217.0503241, 222.5539635, 233.5540116, 239.0482512, 244.5309219, 248.2483151, 251.5314871, 256.6198975, 260.771705, 263.7799794, 268.5396773, 272.6420275, 274.7503965, 278.6035561],